[
	{
		"mob": "born_in_chaos_v1:restless_spirit",
		"result": "deny"
	},
	{
		"mob": "born_in_chaos_v1:barrel_zombie",
		"result": "deny"
	},
	{
		"mob": "born_in_chaos_v1:baby_skeleton",
		"result": "deny"
	},
	{
		"mob": "born_in_chaos_v1:baby_skeleton_minion",
		"result": "deny"
	},
	{
		"mob": "born_in_chaos_v1:baby_skeleton_2",
		"result": "deny"
	},
	{
		"mob": "born_in_chaos_v1:diamond_termite",
		"result": "deny"
	},
	{
		"mob": "born_in_chaos_v1:bonescaller",
		"result": "deny"
	},
	{
		"mob": "born_in_chaos_v1:bonescaller_not_despawn",
		"result": "deny"
	},
	{
		"mob": "born_in_chaos_v1:bone_imp",
		"result": "deny"
	},
	{
		"mob": "born_in_chaos_v1:bone_imp_minion",
		"result": "deny"
	},
	{
		"mob": "born_in_chaos_v1:bone_imp_2",
		"result": "deny"
	},
	{
		"mob": "born_in_chaos_v1:spirit_guide_assistant",
		"result": "deny"
	},
	{
		"mob": "born_in_chaos_v1:spirit_guide",
		"result": "deny"
	},
	{
		"mob": "born_in_chaos_v1:supreme_bonescaller",
		"result": "deny"
	},
	{
		"mob": "born_in_chaos_v1:supreme_bonescaller_not_despawn",
		"result": "deny"
	},
	{
		"mob": "born_in_chaos_v1:supreme_bonescaller_stage_2",
		"result": "deny"
	},
	{
		"mob": "born_in_chaos_v1:dire_hound_leader",
		"result" :"deny"
	},
	{
		"mob": "born_in_chaos_v1:sir_pumpkinhead",
		"result": "deny"
	},
	{
		"mob": "alexsmobs:warped_mosco",
		"result": "deny"
	},
	{
		"mob": "alexsmobs:bunfungus",
		"result": "deny"
	},
	{
		"mob": "alexsmobs:straddler",
		"result": "deny"
	},
	{
		"mob": "alexsmobs:froststalker",
		"result": "deny"
	},
	{
		"mob": "alexsmobs:laviathan",
		"result": "deny"
	}
]